{
  "Rainy_Day_ChrissySeanie" : "Can’t you just stay in today, and watch me do some magic tricks? $4",
  "Rainy_Night_ChrissySeanie" : "I practiced Magic tricks all day. $1",
  "Indoor_Day_ChrissySeanie" : "You're probably are curious about why my skin looks like it does, aren’t you... $7",
  "Indoor_Night_ChrissySeanie" : "handy. wrong. humanity. reader. beard. stress",
  "Outdoor_ChrissySeanie" : "When you walk away, you don't hear me say 'Please, oh baby, don't go'.$1#$b# Simple and clean is the way that you're making me feel tonight. It's hard to let it go, you're giving me, $1#$b# Too many things lately you're all I need, oh You smiled at me and said Don't get me wrong, I love you $1#$b# But does that mean I have to meet your father? When we are older, you'll understand What I meant when I said $1#$b# No, I don't think life is quite that simple $1#$b#When you walk away, you don't hear me say 'Please, oh baby, don't go'. Simple and clean.$1#$b# Is the way that you're making me feel tonight It's hard to let it go. $1#$b# Hold me, whatever lies beyond this morning Is a little later on. Regardless of warnings, the future doesn't scare me at all. $1#$b# Nothing's like before. $1#$e# My mom wrote that song. $4",
  "spring_ChrissySeanie" : "Work time! Work time! Time for work! $8",
  "summer_ChrissySeanie" : "Death is inevitable. $0#$b# Don’t you dare try and run from it. $1",
  "winter_ChrissySeanie" : "I love you!",
  "fall_ChrissySeanie" : "It’s fall. $4",
  "spouseRoom_ChrissySeanie" : "This is my room. $7",
  "patio_ChrissySeanie": "When you walk away, you don't hear me say 'Please, oh baby, don't go'.$1#$b# Simple and clean is the way that you're making me feel tonight. It's hard to let it go, you're giving me, $1#$b# Too many things lately you're all I need, oh You smiled at me and said Don't get me wrong, I love you $1#$b# But does that mean I have to meet your father? When we are older, you'll understand What I meant when I said $1#$b# No, I don't think life is quite that simple $1#$b#When you walk away, you don't hear me say 'Please, oh baby, don't go'. Simple and clean.$1#$b# Is the way that you're making me feel tonight It's hard to let it go. $1#$b# Hold me, whatever lies beyond this morning Is a little later on. Regardless of warnings, the future doesn't scare me at all. $1#$b# Nothing's like before. $1#$e# My mom wrote that song. $4",
  "funLeave_ChrissySeanie": "Gonna go help Uncle Lew out today.$1",
  "funReturn_ChrissySeanie": "I'm thinking of drinking some mayo tonight.$1#$b#Want to join me?$4",
  "spring_12": "Running around and searching for some eggs? Yeah, I’m all good.",
  "spring_23": "I’m supposed to put on some stupid white dress and dance around tomorrow? $6#$b# Fat chance. $6",
  "summer_10": "Me and the Governor don’t get along very well. $4#$e# I’d like to skin him. $7",
  "summer_27": "Moonlight Jellies? What? No wonder Uncle Lewis asked me to work late tomorrow night! $6 ",
}
