{
    "Format": "1.28.0",
//Config commented out atm.
    "ConfigSchema": {

      "Override Generic Dialogue": {
     	 "AllowValues": "true, false",
     	 "Default": "true",
     		"Description": "Overwrites the bouquet acceptance dialogue and pendant acceptance dialogue. Please turn this off if you do not plan on dating Chrissy.",
 },

     "Simple and Clean.": {
      "AllowValues": "true, false",
      "Default": "true",
       "Description": "Simple and Clean.",
  },

},

/*
    "DynamicTokens": [

    ],
*/

"Changes": [
//B A S E   L O A D I N G


{
  //Chrissy Base Disposiiton
  "LogName": "1 Load Chrissy Disposition",
  "Action": "EditData",
  "Target": "Data/NPCDispositions",
  "Entries": {
    "ChrissySeanie": "adult/rude/outgoing/negative/female/datable//Other/spring 18/Lewis 'Uncle Lew'/ManorHouse 2 8/Chrissy"
    }
},

//Load Stuff
      {
        "LogName": "1 Load Chrissy Char",
      "Action": "Load",
       "Target": "Characters/ChrissySeanie",
       "FromFile": "assets/Characters/Chrissy.png",
          },

      {
      "LogName": "1 Load Chrissy Port",
       "Action": "Load",
       "Target": "Portraits/ChrissySeanie",
        "FromFile": "assets/Portraits/Chrissy.png",
      },

      {
        "LogName": "1 Load Mayo Jar",
      "Action": "Load",
       "Target": "Characters/MayoTemp",
       "FromFile": "assets/Characters/MayoTemp.png",
      },
      {
        "LogName": "1 Load Phone Sprite",
      "Action": "Load",
       "Target": "Characters/PhoneTemp",
       "FromFile": "assets/Characters/PhoneTemp.png",
          },


  //Load Dialogue

  {				"LogName": "1Load Base Dialogue",
          "Action": "Load",
          "Target": "Characters/Dialogue/ChrissySeanie",
          "FromFile": "data/Dialogue/Chrissy.json",
  },


    {				"LogName": "1Load Marriage Dialogue",
            "Action": "Load",
            "Target": "Characters/Dialogue/MarriageDialogueChrissySeanie",
            "FromFile": "data/Dialogue/MarriageDialogueChrissy.json",
    },

  //Load Schedule
  {
      "LogName": "1Load Schedule",
      "Action": "Load",
      "Target": "Characters/schedules/ChrissySeanie",
      "FromFile": "data/Schedule.json"
    },


//Gift tastes
  {
      "Action": "EditData",
      "Target": "Data/NPCGiftTastes",
      "Entries": {
          "ChrissySeanie": "This is incredible! I wanna slurp yah!/-5 305 272 306 307 308 807/Wow, you're actually not a complete moron. This is pretty neat.//This is cringe.//This reminds me of the time my little brother drank a candle, are you as thick as him?/-4/I AM THE LORD OF DARKNESS.// "
      }
  },

//Spouse Areas

{
      "LogName": "Spouse Room",
      "Action": "EditData",
      "Target": "Data/SpouseRooms",
      "Entries": {
          "ChrissySeanie": "spouseRooms/4",

      }
  },

  {
        "LogName": "Spouse Patio",
        "Action": "EditData",
        "Target": "Data/SpousePatios",
        "Entries": {
            "ChrissySeanie": "spousePatios/4",

        }
    },

  //ANIMATIONS
  {
        "LogName": "Animations",
        "Action": "EditData",
        "Target": "Data/animationDescriptions",
        "Entries": {
            "chrissyseanie_sleep": "29/29/29",

        }
    },


//MAIL

{
    "Action": "EditData",
    "Target": "Data/mail",
    "Entries": {

    "ChrissyMail.SecretWoods": "Hi @,^I want to explain everything, so please meet me in the secret forest at noon. I promise I'm a good person.^^Thanks.^-Chrissy[#]Meet Me in the Woods",
    "ChrissyMail.Picnic": "Hey @,^Next Tuesday, come to the Cindersnap Forest. I want to do something special for all that you've done for me.^^And don't forget to bring your juicy bottom.^^-Chrissy[#]@.",
    "ChrissyMail.MagicShow": "Dear @,^I've decided to host a magic show in town, and everyone is invited. It would mean the world to me if you came.^I cannot wait to see you.^^You know what I mean. Don't make me say it to your face, you moron.^^-Chrissy[#]You better be there!",
    },
},

//Overwrite generic dialogue
{
"Action": "EditData",
"Target": "Strings/StringsFromCSFiles",
"When": {"Override Generic Dialogue": "true"},
"Entries": {
			"NPC.cs.3962": "Really, @? $4#$b# I've felt this way since the day I met you. $4#$b# I thought my chances were over when we became best friends.$4#$e# I'm so giddy...I feel like such a moron. $4#$e# Go away! I'm too embarrassed to talk to you right now, you moron. $4",
			"NPC.cs.3963": "Really, @? $4#$b# I've felt this way since the day I met you. $4#$b# I thought my chances were over when we became best friends.$4#$e# I'm so giddy...I feel like such a moron. $4#$e# Go away! I'm too embarrassed to talk to you right now, you moron. $4",
      "NPC.cs.3980": "Ar- Are you serious @?” $1#$b# Of course, I'll marry you! $1",
      "Utility.cs.5371": "@... %spouse... #$b# As the mayor of Pelican Town, and regional bearer of the matrimonial seal, I now pronounce you husband and wife!$h",
    }
    },



//Engagement Dialogue
{
"Action": "EditData",
"Target": "Data/EngagementDialogue",
"Entries": {
  "ChrissySeanie0": "MARRIAGE IS AWESOME. I CANNOT WAIT. $4#$e# FOREVER LOVE.$1",
  "ChrissySeanie1": "I seriously can't believe I'm so lucky. $4#$e# Back on my home planet, we don't do weddings, so I never thought this would happen to me! $4",
  },
},

//Base Rain dialogue
{
  "Action": "EditData",
  "Target": "Characters/Dialogue/rainy",
  "Entries": {
      "ChrissySeanie": "I love rainy days. $1#$e# Just the sound of the drops hitting the window soothes me. $1#$b# I'm not going soft, I just like the sky water! $4",
      },
  },

  //Fighting with Lewis dialogue.
  {
    "Action": "EditData",
    "Target": "Characters/Dialogue/ChrissySeanie",
    "When": {"HasSeenEvent |contains=1769804": false,
              "HasSeenEvent |contains=1769802": true,},
    "Entries": {
        "Sun6": "I hope I can talk to my uncle again soon. $3",
        "Mon6": "Things have been really awkward back at my house lately. $2",
        "Tue6": "Just go away for today. $2",
        },
    },



//Ten heart rain dialogue
{
  "Action": "EditData",
  "Target": "Characters/Dialogue/rainy",
  "When": {"Hearts:ChrissySeanie": "9, 10, 11, 12, 13, 14"},
  "Entries": {
      "ChrissySeanie": "I love rainy days almost as much as I love you $1",
      },
  },

//EVENTS//
/*
 { //Directed as written
 "LogName": "Heart Event 2",
 "Action": "EditData",
 "Target": "Data/Events/Forest",
 "Entries": {
  "1769800/f ChrissySeanie 500/d Mon Wed Thu Fri Sat Sun/t 700 2100/F": "continue/-1000 -1000/farmer 70 37 2 ChrissySeanie 70 46 2/skippable/specificTemporarySprite pennyFieldTrip/showframe ChrissySeanie 16/fade/viewport 70 45 true/move farmer 0 5 2/stopMusic/emote ChrissySeanie 56/playMusic poppy/speak ChrissySeanie \"It's a Sunny Day, $8 #$b#I hope it stays that Way, $8#$b#My hair's just a little gray, $8 #$b#I just got a raise, $8 #$b#And I'm deserving of some praise, $8 #$b#So today we eat some mayonnaise, $8\"/animate ChrissySeanie false false 200 16 17 18 19 18 19 18 19 18/playSound gulp/message \"ChrissySeanie brings the jar of mayonnaise to her mouth, and chugs it, in one gulp!\"/showframe ChrissySeanie 0/speak ChrissySeanie \"Mayonnaise Monday, $8#$b#It's Mayonnaise Monday! $8\"/message \"ChrissySeanie grabs a second jar of mayonnaise\"/showframe ChrissySeanie 16/stopMusic/question fork0 \"What should you do?#I can't let this go on any longer.#I'll just leave her alone.#\"/fork MayoTime/move farmer -12 0 1/end warpOut/",
  "MayoTime": "move farmer 0 3 2/faceDirection ChrissySeanie 0/speak ChrissySeanie \"@, what are you doing here?$2#$b#I swear, it's not what it looks like. This isn't a normal thing I do. $3#$b# It- It's a family tradition. I- I know it's a little weird, but my brother started it when we were kids. When I miss him, I have my Mayonnaise Mondays.$3\"/question fork1 \"You don't think it's weird right?#I get it. I miss my family sometimes too.#I'm not sure I can be your friend anymore.#\"/fork MayoTime2/speak ChrissySeanie \"I completely understand. $3\"/friendship ChrissySeanie -20/move farmer 0 -12 0 true/pause 1000/globalFade/viewport -1000 -1000/end",
  "MayoTime2": "friendship ChrissySeanie 50/playMusic ragtime/speak ChrissySeanie \"Really? I knew you were cool @.$1#$b# Please just don't tell anybody about this?$4#$b#Especially not Uncle Lew.$7#$b# I'm glad it was someone like you who found me. $7\"/speak ChrissySeanie \"Mayonnaise Monday.$8\"/pause 1000/globalFade/viewport -1000 -1000/end dialogue ChrissySeanie \"Thanks for keeping my secret $1#$b# I owe you one. $6#$b#I'll see if I can find any 'additional tax write offs' for you this spring.\"",
},
},
*/
{ //Jello Adjusted Freebie
  "LogName": "Heart Event 2 Alt edition",
   "Action": "EditData",
   "Target": "Data/Events/Forest",
   "Entries": {
    "1769800/f ChrissySeanie 500/d Mon Wed Thu Fri Sat Sun/t 700 2100/F": "continue/-1000 -1000/farmer 70 37 2 ChrissySeanie 70 46 2/skippable/specificTemporarySprite pennyFieldTrip/showframe ChrissySeanie 16/addObject 71 45 306/fade/viewport 70 45 true/move farmer 0 5 2/stopMusic/pause 200/emote farmer 8/pause 500/emote ChrissySeanie 56/playMusic poppy/pause 500/speak ChrissySeanie \"It's a Sunny Day, $8 #$b#I hope it stays that Way, $8#$b#My hair's just a little gray, $8 #$b#I just got a raise, $8 #$b#And I'm deserving of some praise, $8 #$b#So today we eat some mayonnaise, $8\"/animate ChrissySeanie false false 200 16 17 18 19 18 19 18 19 18/pause 300/playSound gulp/pause 300/playSound gulp/pause 300/emote farmer 16/pause 1000/showframe ChrissySeanie 0/speak ChrissySeanie \"Mayonnaise Monday, $8#$b#It's Mayonnaise Monday! $8\"/pause 500/pause 400/faceDirection ChrissySeanie 1/pause 200/playSound pickUpItem/removeObject 71 45 306/pause 500/faceDirection ChrissySeanie 2 true/showframe ChrissySeanie 16/emote ChrissySeanie 56/pause 300/stopMusic/emote farmer 12/pause 500/question fork0 \"What should you do?#I can't let this go on any longer.#I'll just leave her alone.#\"/fork MayoTime1/move farmer -12 0 1/end warpOut/",
    "MayoTime1": "move farmer 0 3 2/pause 100/emote farmer 40/pause 200/emote ChrissySeanie 8/faceDirection ChrissySeanie 1 true/pause 100/faceDirection ChrissySeanie 0/pause 300/jump ChrissySeanie 4/addTemporaryActor MayoTemp 16 16 70 46 2 false/jump MayoTemp 16/positionOffset MayoTemp 5 0/pause 25/positionOffset MayoTemp 5 0/pause 25/positionOffset MayoTemp 5 0/pause 25/positionOffset MayoTemp 5 0/pause 25/positionOffset MayoTemp 5 0/pause 25/positionOffset MayoTemp 5 0/pause 25/positionOffset MayoTemp 5 0/pause 25/positionOffset MayoTemp 5 0/pause 25/positionOffset MayoTemp 5 0/pause 25/positionOffset MayoTemp 5 0/pause 25/positionOffset MayoTemp 5 0/pause 25/positionOffset MayoTemp 5 0/pause 25/positionOffset MayoTemp 5 0/pause 25/positionOffset MayoTemp 5 0/pause 25/pause 500/playSound throwDownITem/showframe MayoTemp 1/pause 600/faceDirection farmer 1 true/faceDirection ChrissySeanie 1/pause 1000/emote farmer 40/pause 400/faceDirection ChrissySeanie 0/faceDirection farmer 2/pause 600/speak ChrissySeanie \"@, what are you doing here?$2#$b#I swear, it's not what it looks like. This isn't a normal thing I do. $3#$b#It- It's a family tradition. I- I know it's a little weird, but my brother started it when we were kids. When I miss him, I have my Mayonnaise Mondays.$3\"/pause 500/question fork1 \"You don't think it's weird right?#I get it. I miss my family sometimes too.#I'm not sure I can be your friend anymore.#\"/fork MayoTime21/emote ChrissySeanie 28/pause 300/speak ChrissySeanie \"I completely understand. $3\"/friendship ChrissySeanie -20/move farmer 0 -12 0 true/pause 1000/globalFade/viewport -1000 -1000/end",
    "MayoTime21": "pause 200/friendship ChrissySeanie 50/emote ChrissySeanie 32/pause 500/playMusic ragtime/speak ChrissySeanie \"Really? I knew you were cool @.$1#$b# Please just don't tell anybody about this?$4#$b#Especially not Uncle Lew.$7#$b# I'm glad it was someone like you who found me. $7\"/pause 300/emote farmer 32/pause 500/speak ChrissySeanie \"Mayonnaise Monday.$8\"/pause 1000/globalFade/viewport -1000 -1000/end dialogue ChrissySeanie \"Thanks for keeping my secret $1#$b# I owe you one. $6#$b# I'll see if I can find any 'additional tax write offs' for you this spring.\"",
  },
  },

  {
    "LogName": "Heart Event 4",
     "Action": "EditData",
     "Target": "Data/Events/Town",
     "Entries": {
       "1769801/f ChrissySeanie 1000/t 900 2100/F": "continue/42 72/farmer 35 73 3 ChrissySeanie 43 72 0 Vincent 42 72 1/skippable/pause 1500/speak Vincent \"Hey lady, I'm bored. $0\"/speak ChrissySeanie \"Good to know. $2\"/speak Vincent \"Can you do something funny? $0\"/speak ChrissySeanie \"Why don't you ask your burnout brother? $2\"/speak Vincent \"C'mon pleeeeeeease. $3\"/speak ChrissySeanie \"No. $2\"/speak Vincent \"Pleeeeeeeease?\"/speak ChrissySeanie \"OKAY FINE! $5\"/stopMusic/faceDirection ChrissySeanie 3/move farmer 7 0 0 true/pause 500/emote farmer 8/waitForAllStationary/pause 800/playSound newRecipe/message \"Chrissy begins shuffling cards\"/playMusic playful/speak Vincent \"What are you doing? $3\"/speak ChrissySeanie \"I'm gonna do a magic trick. $2#$b# Pick a card from the top of the deck.\"/playSound pickUpItem/message \"Vincent picks a card and stares at it.\"/speak ChrissySeanie \"Okay, memorize that card.\"/speak Vincent \"Right!\"/emote Vincent 16/pause 400/speak ChrissySeanie \"Okay, got it? Now put it back in the deck wherever you want.\"/playSound dwop/message \"Vincent puts the card back.\"/message \"ChrissySeanie proceeds to shuffle the deck several times, and then throws whole the deck of cards onto the floor.\"/playSound dwoop/message \"She holds one up.\"/speak ChrissySeanie \"Was this your card? $1\"/stopMusic/emote Vincent 40/pause 400/speak Vincent \"I don't remember.\"/speak ChrissySeanie \"Of course you don't... $2\"/speak Vincent \"That was fun, thank you miss!\"/speed Vincent 3/move Vincent -12 0 1 true/pause 2000/advancedMove farmer false 0 -1/pause 500/faceDirection farmer 1/speak ChrissySeanie \"$q 6699 null \"#You look at the card Chrissy was holding. You notice it was not his card, what do you say?#$r 66 0 event_MagicTruth#That’s not his card...#$r 6699 40 event_MagicLie#*lie* “Wow! You got it, that’s pretty cool.\"/playMusic springtown/speak ChrissySeanie \"Let me try it again, I KNOW I’ll get it right this time. You don’t mind staying right?\"/emote farmer 32/pause 500/end",
   },
   },

   {
     "LogName": "Heart Event 6",
      "Action": "EditData",
      "Target": "Data/Events/ManorHouse",
      "Entries": {
        "1769802/f ChrissySeanie 1500": "none/6 7/farmer -100 -100 0 Lewis 5 5 1 ChrissySeanie 7 5 3/addConversationTopic Chrissy6HWait 0/skippable/pause 1500/playSound doorClose/warp farmer 4 11 0/pause 800/emote farmer 8/pause 500/playMusic shaneTheme/speak Lewis \"CJ, I’ve looked over this paperwork, THREE times now. $2#$b# Something isn’t adding up. $3\"/emote ChrissySeanie 28/pause 400/speak ChrissySeanie \"Uncle Lew, I told you not to call me that anymore.$2\"/speak Lewis \"Sorry, Chrissy.$5#$b# But something isn’t adding up here.$2#$b# I thought you put all that behind you.$2\"/speak ChrissySeanie \"I did! I promise.$2\"/speak Lewis \"You said you were going to be taking this seriously. $4#$b# But it seems like you’re just back to your old ways.\"/speak ChrissySeanie \"I’m not, I promise! $3#$b# Why can’t you trust me on this?\"/speak Lewis \"Do you know how risky it was for the MAYOR of Pelican Town to take in someone on the run from the feds? $3\"/pause 100/emote ChrissySeanie 16/pause 300/shake ChrissySeanie 800/pause 1000/emote ChrissySeanie 12/pause 500/speak ChrissySeanie \"Oh, you LOVE to just throw that in my face, Uncle Lew. $2#$b# What am I supposed to do? UNcommit tax fraud? $5\"/speak Lewis \"Well, you could at least take your job a bit more seriously. $3\"/speak ChrissySeanie \"I take it more seriously than you! $5#$b# You’re the one always taking 2 hour lunch breaks at the ranch!\"/playSound pickUpItem/emote Lewis 16 true/jump Lewis 3/pause 700/speak Lewis \"What I do in my personal time is NONE of your concern! $3\"/speak ChrissySeanie \"Well is it my concern that you’re a sad, old man, who won’t even commit to the one person in his life that cares about him? $7#$b# All for what? To be the mayor of some broken down town? $7#$b# The town is in shambles anyway.$7#$b# I heard that Pierre is thinking of moving his business to Grampleton.\"/emote Lewis 16/animate Lewis true true 100 24/shake Lewis 500/pause 500/speak Lewis \"What? Is that true? $4\"/speak ChrissySeanie \"How would you know? You know nothing about your own town. $6#$b# You’re a fraud of a mayor.\"/stopAnimation Lewis 4/pause 500/faceDirection Lewis 2 true/pause 50/faceDirection Lewis 3/pause 800/emote Lewis 40/pause 500/speak Lewis \"Maybe your tax evasion case isn’t the ONLY reason your family doesn’t talk to you anymore, CJ. $3\"/emote ChrissySeanie 40/pause 500/move Lewis 0 6 2/pause 1000/showframe Lewis 27/speak Lewis \"Sorry you had to see that, @. $2\"/pause 500/emote farmer 40/pause 500/showframe Lewis 0/pause 500/playSound doorClose/stopMusic/warp Lewis 1000 1000/faceDirection ChrissySeanie 2/pause 400/move farmer 0 -1 0/move farmer 1 0 0/move farmer 0 -1 0/shake ChrissySeanie 600/pause 800/emote ChrissySeanie 12/pause 500/emote farmer 60/pause 500/speak ChrissySeanie \"Would you just get out of here? $5#$b# This is none of your business.\"/pause 1000/emote farmer 40/pause 800/faceDirection farmer 1 true/pause 50/faceDirection farmer 2/move farmer 0 2 0/pause 1000/playSound doorClose/warp farmer 1000 1000/pause 1000/shake ChrissySeanie 500/pause 800/speak ChrissySeanie \"...$3\"/pause 1500/globalFade/viewport -1000 -1000/end warpOut",
    },
    },

    {
      "LogName": "Heart Event 6.5 At Door",
       "Action": "EditData",
       "Target": "Data/Events/farm",
       "Entries": {
         "1769803/f ChrissySeanie 1500/A Chrissy6HWait/e 1769802": "continue/-10000 -1000/farmer -100 -100 2 ChrissySeanie 64 17 0/skippable/warp farmer -100 -100/viewport 64 15 clamp true/pause 2000/playSound doorClose/warp farmer 64 15/pause 400/emote farmer 8/speak ChrissySeanie \"Sorry you had to see that the other day $5#$b# My uncle was being so mean to me. $3#$b# Maybe I was a bit out of line too. $3#$b# I know I have a lot of explaining to do as your friend.$3#$b# If you can still consider me one. $3#$b# Just give me a little time. $1#$b# Welp, see you around!\"/end",
     },
     },

     {
       "LogName": "Heart Event 6.5 Mail",
        "Action": "EditData",
        "Target": "Data/Events/farm",
        "Entries": {
          "17698031/f ChrissySeanie 1500/e 1769803/x ChrissyMail.SecretWoods": "null"
      },
    },
    {
      "LogName": "Heart Event 6.5 Woods",
       "Action": "EditData",
       "Target": "Data/Events/woods",
       "Entries": {
         "1769804/f ChrissySeanie 1500/n ChrissyMail.SecretWoods/e 1769802/t 1200 2000": "continue/26 9/farmer 28 13 0 ChrissySeanie 25 9 2/skippable/pause 300/move farmer 0 -4 0/faceDirection ChrissySeanie 1 true/move farmer -2 0 3/pause 500/speak ChrissySeanie \"Hey @. $3#$b# Thanks for coming out today.$6\"/stopMusic/speak ChrissySeanie \"I just wanted the opportunity to explain everything to you. $3#$b# Because believe it or not, you might just be my best friend in the valley.$4\"/pause 300/emote ChrissySeanie 40/pause 1000/playMusic desolate/speak ChrissySeanie \"What you heard in my Uncle’s house the other day wasn’t a lie. $3#$b# I am on the run from the feds for tax evasion.$3#$b# You see the thing is... $3#$b# Tax evasion is actually really cool and based. $4#$b# I used to work for a prominent accounting firm in Zuzu City. $3#$b# And I realized if I just... didn’t pay my taxes...$3#$b# Then that would mean I would have more money. $1#$b# And if had more money, I could get more magic tricks. $7#$b# After that, I had to do the greatest magic trick of all...$3#$b# Vehicular Manslaughter.\"/emote farmer 16/pause 500/speak ChrissySeanie \"Just kidding, you knew what I meant. $7\"/speak ChrissySeanie \"Now my whole family won’t talk to me. $3#$b# Except Uncle Lew. $3#$b# And I was awful to him.\"/stopMusic/pause 900/emote ChrissySeanie 40/pause 800/speak ChrissySeanie \"$q 6799 null \"#...How do I tell him I’m sorry @?#$r 67 50 event_LewisTalk#Just talk to him, I’m sure that he’ll understand.#$r 67 30 event_LewisSocks#Hide all his socks, until he runs out. Then he’ll ask you to go to the store to buy more. And you can bond on the trip.#$r 67 10 event_LewisScream#AHHHHHHHHHHHHH!\"/pause 400/playMusic sweet/speak ChrissySeanie \"Even though Uncle Lew can be kind of a crumb sometimes, he’s actually really nice. $1#$b# He’s just stressed about the pressure of being the mayor. $0#$b# Which doesn’t really seem like a stressful job outside of picking up all of your wine. $7\"/pause 400/emote farmer 32/pause 400/speak ChrissySeanie \"Thanks for talking to me today @. You really helped me out. $4#$b# I really owe you one. $1\"/stopMusic/emote ChrissySeanie 40/pause 1000/speak ChrissySeanie \"Alright, if I don’t leave this forest right now, I’m going to crap my pants. $4#$b# Time to annihilate the nearest toilet! $7\"/emote farmer 16/pause 500/faceDirection farmer 2 true/speed ChrissySeanie 5/move ChrissySeanie 0 3 2/speed ChrissySeanie 5/move ChrissySeanie 20 0 1 true/pause 500/faceDirection farmer 1 true/pause 1000/pause 500/emote farmer 40/pause 600/message \"You also have the sudden urge to take a gigantic poop.\"/speed farmer 5/advancedMove farmer false 4 0 0 3 10 0/pause 2000/globalFade/viewport -1000 -1000/end dialogue ChrissySeanie \"I apologized to my Uncle Lew. $0#$b# He apologized too. $1#$e# Turns out he was feeling awful about everything he said to me. $0#$b# That’s the nice thing about family, they’re always around. $1#$e# Or at least they’re supposed to be... $3\"",
     },
     },

     {
       "LogName": "Heart Event 8",
        "Action": "EditData",
        "Target": "Data/Events/ManorHouse",
        "Entries": {
          "1769805/f ChrissySeanie 2000/t 1300 1900": "continue/6 7/farmer -100 -100 0 Lewis 4 6 3 ChrissySeanie 2 6 1/addTemporaryActor PhoneTemp 16 32 3 6 2 false/skippable/pause 1500/playSound doorClose/warp farmer 4 11 0/pause 300/faceDirection ChrissySeanie 2/emote ChrissySeanie 16/pause 300/emote ChrissySeanie 32/pause 500/speak ChrissySeanie \"Oh, @! I’m so glad you’re here! $1\"/move farmer 0 -4 0/move farmer -2 0 0/pause 500/emote farmer 8/pause 500/speak ChrissySeanie \"Today, me and Uncle Lew are going to call my family for the first time. $0#$b# I’m really nervous. $3\"/faceDirection ChrissySeanie 1 true/faceDirection farmer 1 true/pause 100/speak Lewis \"Oh Chrissy, don’t be nervous, you’ve got nothing to worry about. $1\"/faceDirection ChrissySeanie 1 true/stopMusic/speak ChrissySeanie \"Alright, I’m dialing.\"/move farmer 1 0 0/pause 500/playSound phone/pause 800/message \"Chrissy’s Mom: Hello? Lew?\"/speak ChrissySeanie \"Hey Mom, it’s me! $11\"/message \"Chrissy’s Mom: Oh brother, why is that vapid hot dog calling?\"/emote ChrissySeanie 16/shake ChrissySeanie 500/pause 800/emote ChrissySeanie 12/pause 400/speak ChrissySeanie \"YOU’RE ONE TO TALK YOU- $13\"/pause 400/emote ChrissySeanie 40/pause 900/speak ChrissySeanie \"Mom I’m calling to tell you, that I’m sorry. $12#$b# I’m sorry that I spent 10 years avoiding my taxes, brought a mockery onto our family, and made you all have to be employed by the road circus since you couldn’t get jobs anywhere else.$10\"/message \"Chrissy’s Mom: I do not forgive you.\"/pause 300/emote ChrissySeanie 28/pause 500/speak ChrissySeanie \"...Mom, I’m really sorry-$10\"/message \"Chrissy’s Mom: I will never forgive you Christmas Jade Bachelor.\"/emote ChrissySeanie 16 true/emote Lewis 16 true/emote farmer 16/pause 500/speak ChrissySeanie \"Mom, I asked you not to call me tha-$12\"/message \"Chrissy’s Mom: What does it matter what I call you? You’re a no good rat who did something completely unbased, and totally not cool! Tax evasion is NOT okay. In fact, everyone should always remember that Tax Day is on April 12th,\"/speak ChrissySeanie \"It’s on April 15th, Mom.$10\"/message \"Chrissy Mom: See! And you only know that because you never paid your taxes.\"/pause 400/emote farmer 40/pause 500/speak ChrissySeanie \"Mom, I said I’m sorry! $12\"/message \"Chrissy’s Mom: I don’t care HOW sorry you are, you are not my daughter, and you never will be.\"pause 700/shake ChrissySeanie 500/pause 600/emote ChrissySeanie 28/pause 200/emote Lewis 40/pause 800/playMusic event1/pause 300/showframe Lewis 24/shake Lewis 1000/pause 400/speak Lewis \"Shut the HECK up you dumb Street Clown! $4\"/message \"Chrissy’s Mom: What did you say to me, Lew?\"/shake Lewis 800/pause 300/speak Lewis \"You’re so cringe, and totally lame, and you can’t even Fortnite Royale! $4\"/message \"Chrissy’s Mom: You DARE speak to your sister like that?\"/shake Lewis 800/pause 300/speak Lewis \"You’re hardly my sister. Chrissy is more family than you ever have been. You’re totally undank, and you better hold this fat L. $5\"/message \"Chrissy’s Mom: You know I don’t understand Gen Z slang!\"/shake Lewis 800/pause 300/speak Lewis \"That’s why I said it. Ratio! $4\"/stopMusic/pause 400/playSound stoneStep/showframe Lewis 12/message \" Lewis hangs up the phone.\"/pause 400/emote Lewis 28/pause 600/speak Lewis \"Chrissy, I’m sorry... $2#$b# Are you okay? $2\"/shake ChrissySeanie 800/pause 1000/emote ChrissySeanie 56/playMusic playful/speak ChrissySeanie \"That was awesome, Uncle Lew! $7\"/emote Lewis 16/pause 500/speak Lewis \"Really? You’re not upset? $1\"/speak ChrissySeanie \"No, because that would probably require a long dialogue scene that the handsome mod creator probably doesn’t feel like writing. $1\"/speak Lewis \"Well, isn’t that just poggers! $1\"/pause 1000/globalFade/viewport -1000 -1000/message \"Chrissy and Lewis start aggressively fortnite flossing.\"/message \"I don’t feel like animating that though, so just trust me.\"/message \"That happens.\"/end dialogue ChrissySeanie \"Thanks for being there for my family call the other day. $3#$b# Even though I seemed okay at the time, I was pretty torn up afterwards. $3#$e# But I’m really happy that I have my new family in Uncle Lew. $1#$e# Maybe even an aunt too... $6\"",
      },
      },

      {
        "LogName": "Heart Event 10 Mail",
         "Action": "EditData",
         "Target": "Data/Events/farm",
         "Entries": {
           "17698061/f ChrissySeanie 1500/e 1769805/x ChrissyMail.Picnic": "null"
       },
     },

     {
     "LogName": "Heart Event 10",
     "Action": "EditData",
     "Target": "Data/Events/Forest",
     "Entries": {
      "17698062/f ChrissySeanie 2500/d Mon Wed Thu Fri Sat Sun/t 700 2100/n ChrissyMail.Picnic/F": "50s/-1000 -1000/farmer 70 36 2 ChrissySeanie 71 45 0 Gus -100 -100 0/skippable/specificTemporarySprite pennyFieldTrip/fade/viewport 70 45 true/move farmer 0 2 2/emote ChrissySeanie 56 true/move farmer 0 7 1/faceDirection ChrissySeanie 3/pause 300/emote farmer 32 true/emote ChrissySeanie 32/pause 500/speak ChrissySeanie \"Thanks for coming, @. $1#$b# You probably already know what this is about. $7\"/pause 200/emote farmer 20/pause 400/speak ChrissySeanie \"You know, me and you...alone in the woods...$6#$b# I- I just needed to find a way to show you how much I lo- $4\"/emote ChrissySeanie 60/pause 300/speak ChrissySeanie \"How much you mean to me. $4\"/emote farmer 32/pause 500/faceDirection ChrissySeanie 2 true/faceDirection farmer 2/pause 200/showframe ChrissySeanie 3/shake ChrissySeanie 400/playSound pickUpItem/addObject 70 46 306/pause 600/showFrame ChrissySeanie 0/pause 800/faceDirection farmer 1/emote farmer 8/pause 800/faceDirection ChrissySeanie 3/pause 400/speak ChrissySeanie \"So, for the first time ever, I’m letting someone who’s not my family participate in Mayonnaise Monday. $1#$b# Back when we were kids, we would do this every Monday. $1#$b# We didn’t have much money, since my mom was working as a street clown. $3\"/speak ChrissySeanie \"But one day, a giant mayonnaise truck jetted out of the street and fell on me. $3#$b# To keep us quiet, they gave us an unlimited supply of mayonnaise. $1#$b# Everyone else I’ve ever told about this has run away. $3#$b# I think that’s why I turned so cold to the world. $3\"/pause 300/emote farmer 28/pause 800/quickQuestion I know it’s weird, but... you’ll eat it with me right?#Of course. You’re my everything. I’ll eat anything with you.#I’ll WATCH you eat a thousand jars of Mayonnaise. But I’m not eating that.#I don’t think this is going to work out.(break)switchEvent 10H_DrinkMayo(break)switchEvent 10H_MaybeDrink(break)switchEvent 10H_noMayo",

      "10H_noMayo": "stopMusic/pause 800/emote ChrissySeanie 40/pause 800/shake ChrissySeanie 1000/pause 1500/faceDirection ChrissySeanie 2/pause 800/emote ChrissySeanie 12/pause 500/friendship ChrissySeanie -501/speak ChrissySeanie \"You’re just like everyone else. $5#$b# I think it’s best if you leave. $5\"/pause 500/emote farmer 40/pause 800/move farmer 0 -10 0 true/pause 1000/faceDirection Chrissy 2/pause 400/showframe Chrissy 16/pause 400/animate ChrissySeanie false false 200 16 17 18 19 18 19 18 19 18/playSound gulp/pause 3000/speak ChrissySeanie \"Mayonnaise Monday, Mayonnaise Monday! $8\"/pause 1000/globalFade/viewport -500 -500/end",

      "10H_MaybeDrink": "pause 1/emote ChrissySeanie 40/pause 500/speak ChrissySeanie \"Oh. $3\"/speak ChrissySeanie \"That’s okay. $3\"/speak ChrissySeanie \"I just thought you might be the one. $3\"/faceDirection ChrissySeanie 2/pause 500/emote ChrissySeanie 28/pause 400/emote farmer 60/pause 500/message \"It looks like you don’t have a choice...\"/pause 500/emote farmer 20/pause 400/faceDirection ChrissySeanie 3/pause 100/switchEvent 10H_DrinkMayo",

      "10H_DrinkMayo": "pause 1/emote ChrissySeanie 16/pause 400/speak ChrissySeanie \"Really? $1#$b# @, you’re just-$4\"/emote ChrissySeanie 20/pause 500/speak ChrissySeanie \"Sometimes words just aren’t enough.\"/pause 400/emote ChrissySeanie 56/pause 500/switchEvent 10H_Continue",

      "10H_Continue": "faceDirection Chrissy 2 true/faceDirection farmer 2/showframe farmer 1/startJittering/pause 400/playSound pickUpItem/removeObject 70 46 306/stopJittering/showframe farmer 90/faceDirection Chrissy 2/pause 500/emote farmer 40/pause 800/showframe ChrissySeanie 16/playSound pickUpItem/pause 800/speak ChrissySeanie \"Well, bottoms up!\"/pause 200/emote farmer 28/pause 300/animate farmer false false 200 90 91 92 93 92 93 92/animate ChrissySeanie false false 200 16 17 18 19 18 19 18 19 18/playSound gulp/pause 800/message \"You nearly hurl at the thick texture going down your throat.\"/pause 200/showframe ChrissySeanie 0/showframe farmer 0/pause 200/emote farmer 12/pause 500/playSound croak/animate farmer false false 350 104 105/message \"You feel as though you might explode.\"/faceDirection farmer 2/pause 200/emote farmer 28/pause 600/emote ChrissySeanie 56/pause 500/speak ChrissySeanie \"Ahh...It has that perfect egg tang.\"/faceDirection ChrissySeanie 3 true/faceDirection farmer 1/pause 500/emote ChrissySeanie 20/pause 500/speak ChrissySeanie \"I love you, @. $4#$b# You helped show me how wonderful the world can be. $6#$b# And that tax evasion wasn’t cool and based. $7#$b# But it was me who was cool and based all along. $6\"/pause 200/emote farmer 32/pause 500/speak ChrissySeanie \"I still hate this stupid town. $1#$b# I hate how windy it is, I hate how talkative people are here, I hate that the shops are closed on random days, for no reason! $2#$b# But I love the family I’ve built here. $1#$b# And you’re part of that family too. $4\"/pause 300/emote ChrissySeanie 20 true/emote farmer 20 true/speak ChrissySeanie \"Now, lemme sniff your toes until your toenails fall off and they fly up my nostrils and then I need a doctor to surgically remove them. $7#$b# You probably think I’m joking around, but I’m not. $0#$b# I’m being dead serious. $0\"/emote farmer 16/pause 500/warp Gus 70 53 0/move Gus 0 -5 0/pause 100/faceDirection farmer 2/emote farmer 8/pause 500/speak Gus \"That’s just the way the cookie crumbles! $1\"/faceDirection ChrissySeanie 2/speak ChrissySeanie \"Oh, Gus, you’re such a jokester! $7\"/pause 300/emote farmer 40/pause 1000/globalFade/viewport -1000 -1000/end",

    },
    },
    {
      "LogName": "Heart Event 14 Mail",
       "Action": "EditData",
       "Target": "Data/Events/farm",
       "Entries": {
         "17698071/f ChrissySeanie 3500/x ChrissyMail.MagicShow": "null"
     },
   },
   {
     "LogName": "Heart Event 14 ",
      "Action": "EditData",
      "Target": "Data/Events/town",
      "Entries": {
        "1769807/f ChrissySeanie 3500/n ChrissyMail.MagicShow/t 800 2000": "playful/29 70/farmer 32 64 2 ChrissySeanie 29 67 2 Pam 26 70 0 Penny 27 70 0 Sam 28 70 0 Sebastian 29 70 0 Shane 25 70 0 Emily 29 71 0 Harvey 27 72 0 Maru 26 72 0 Leah 31 71 0 Elliott 30 71 0 Abigail 26 68 1 Caroline 26 67 1 Pierre 26 69 1 Gus 32 69 3 Lewis 32 68 3 Haley 24 69 1 Clint 28 72 0 Alex 30 72 0 George 31 72 0 Evelyn 32 72 0 Jas 30 70 0 Vincent 31 70 0 Jodi 28 71 0 Marnie 25 71 0 Robin 27 71 0 Demetrius 28 71 0 Willy 25 68 1/skippable/move farmer 0 3 3/faceDirection ChrissySeanie 1/speak ChrissySeanie \"@! You’re here! $1#$b# Now the show can get started.\"/faceDirection ChrissySeanie 2/message \"You proceed to watch Chrissy’s magic show. She starts off mean and nervous, but eventually she does a really good job.\"/message \"The scene is awesome. Seriously. And in it you can tell that she’s working through the trauma of losing her family, and that she’s like finally happy.\"/pause 700/message \"Oh yeah, and then this guy comes.\"/addTemporaryActor LeahExMale 16 32 28 63 2 true/move LeahExMale 0 4 2/faceDirection ChrissySeanie 3/message \"That’s Chrissy’s little brother. Remember? The one she was projecting onto in the 4 heart event with Vincent. Remember that?\"/message \" Well he comes and they make amends, and it like literally is this like tear jerking, awe inspiring scene.\"/message \" It’s seriously beautiful, like I’m kind of getting choked up just typing these text boxes.\"/pause 700/message \"Anyway, yeah you watch it for a while and you’re like super emotional.\"/faceDirection ChrissySeanie 2/speak ChrissySeanie \"This is probably the best day of my entire life. $1#$b# Thank you all for being here.\"/speak Lewis \"I am so happy.$1\"/speak Willy \"And I’m Willy! $3\"/speak Caroline \"Just another average day in the valley. $5\"/message \"Everyone laughs, and a few even cry.\"/pause 500/globalFade/viewport -1000 -1000/end"
    },
  },

  {"LogName": "Simple and Clean overload",
  "Action": "EditData",
  "Target": "Characters/Dialogue/MarriageDialogueChrissySeanie",
  "When": {"Simple and Clean.": "true"},
  "Entries": {
    "Rainy_Day_0" : "When you walk away, you don't hear me say 'Please, oh baby, don't go'.$1#$b# Simple and clean is the way that you're making me feel tonight. It's hard to let it go, you're giving me, $1#$b# Too many things lately you're all I need, oh You smiled at me and said Don't get me wrong, I love you $1#$b# But does that mean I have to meet your father? When we are older, you'll understand What I meant when I said $1#$b# No, I don't think life is quite that simple $1#$b#When you walk away, you don't hear me say 'Please, oh baby, don't go'. Simple and clean.$1#$b# Is the way that you're making me feel tonight It's hard to let it go. $1#$b# Hold me, whatever lies beyond this morning Is a little later on. Regardless of warnings, the future doesn't scare me at all. $1#$b# Nothing's like before. $1#$e# My mom wrote that song. $4",
    "Rainy_Day_1" : "When you walk away, you don't hear me say 'Please, oh baby, don't go'.$1#$b# Simple and clean is the way that you're making me feel tonight. It's hard to let it go, you're giving me, $1#$b# Too many things lately you're all I need, oh You smiled at me and said Don't get me wrong, I love you $1#$b# But does that mean I have to meet your father? When we are older, you'll understand What I meant when I said $1#$b# No, I don't think life is quite that simple $1#$b#When you walk away, you don't hear me say 'Please, oh baby, don't go'. Simple and clean.$1#$b# Is the way that you're making me feel tonight It's hard to let it go. $1#$b# Hold me, whatever lies beyond this morning Is a little later on. Regardless of warnings, the future doesn't scare me at all. $1#$b# Nothing's like before. $1#$e# My mom wrote that song. $4",
    "Rainy_Day_2" : "When you walk away, you don't hear me say 'Please, oh baby, don't go'.$1#$b# Simple and clean is the way that you're making me feel tonight. It's hard to let it go, you're giving me, $1#$b# Too many things lately you're all I need, oh You smiled at me and said Don't get me wrong, I love you $1#$b# But does that mean I have to meet your father? When we are older, you'll understand What I meant when I said $1#$b# No, I don't think life is quite that simple $1#$b#When you walk away, you don't hear me say 'Please, oh baby, don't go'. Simple and clean.$1#$b# Is the way that you're making me feel tonight It's hard to let it go. $1#$b# Hold me, whatever lies beyond this morning Is a little later on. Regardless of warnings, the future doesn't scare me at all. $1#$b# Nothing's like before. $1#$e# My mom wrote that song. $4",
    "Rainy_Day_3" : "When you walk away, you don't hear me say 'Please, oh baby, don't go'.$1#$b# Simple and clean is the way that you're making me feel tonight. It's hard to let it go, you're giving me, $1#$b# Too many things lately you're all I need, oh You smiled at me and said Don't get me wrong, I love you $1#$b# But does that mean I have to meet your father? When we are older, you'll understand What I meant when I said $1#$b# No, I don't think life is quite that simple $1#$b#When you walk away, you don't hear me say 'Please, oh baby, don't go'. Simple and clean.$1#$b# Is the way that you're making me feel tonight It's hard to let it go. $1#$b# Hold me, whatever lies beyond this morning Is a little later on. Regardless of warnings, the future doesn't scare me at all. $1#$b# Nothing's like before. $1#$e# My mom wrote that song. $4",
    "Rainy_Day_4" : "When you walk away, you don't hear me say 'Please, oh baby, don't go'.$1#$b# Simple and clean is the way that you're making me feel tonight. It's hard to let it go, you're giving me, $1#$b# Too many things lately you're all I need, oh You smiled at me and said Don't get me wrong, I love you $1#$b# But does that mean I have to meet your father? When we are older, you'll understand What I meant when I said $1#$b# No, I don't think life is quite that simple $1#$b#When you walk away, you don't hear me say 'Please, oh baby, don't go'. Simple and clean.$1#$b# Is the way that you're making me feel tonight It's hard to let it go. $1#$b# Hold me, whatever lies beyond this morning Is a little later on. Regardless of warnings, the future doesn't scare me at all. $1#$b# Nothing's like before. $1#$e# My mom wrote that song. $4",

    "Rainy_Night_0" : "When you walk away, you don't hear me say 'Please, oh baby, don't go'.$1#$b# Simple and clean is the way that you're making me feel tonight. It's hard to let it go, you're giving me, $1#$b# Too many things lately you're all I need, oh You smiled at me and said Don't get me wrong, I love you $1#$b# But does that mean I have to meet your father? When we are older, you'll understand What I meant when I said $1#$b# No, I don't think life is quite that simple $1#$b#When you walk away, you don't hear me say 'Please, oh baby, don't go'. Simple and clean.$1#$b# Is the way that you're making me feel tonight It's hard to let it go. $1#$b# Hold me, whatever lies beyond this morning Is a little later on. Regardless of warnings, the future doesn't scare me at all. $1#$b# Nothing's like before. $1#$e# My mom wrote that song. $4",
    "Rainy_Night_1" : "When you walk away, you don't hear me say 'Please, oh baby, don't go'.$1#$b# Simple and clean is the way that you're making me feel tonight. It's hard to let it go, you're giving me, $1#$b# Too many things lately you're all I need, oh You smiled at me and said Don't get me wrong, I love you $1#$b# But does that mean I have to meet your father? When we are older, you'll understand What I meant when I said $1#$b# No, I don't think life is quite that simple $1#$b#When you walk away, you don't hear me say 'Please, oh baby, don't go'. Simple and clean.$1#$b# Is the way that you're making me feel tonight It's hard to let it go. $1#$b# Hold me, whatever lies beyond this morning Is a little later on. Regardless of warnings, the future doesn't scare me at all. $1#$b# Nothing's like before. $1#$e# My mom wrote that song. $4",
    "Rainy_Night_2" : "When you walk away, you don't hear me say 'Please, oh baby, don't go'.$1#$b# Simple and clean is the way that you're making me feel tonight. It's hard to let it go, you're giving me, $1#$b# Too many things lately you're all I need, oh You smiled at me and said Don't get me wrong, I love you $1#$b# But does that mean I have to meet your father? When we are older, you'll understand What I meant when I said $1#$b# No, I don't think life is quite that simple $1#$b#When you walk away, you don't hear me say 'Please, oh baby, don't go'. Simple and clean.$1#$b# Is the way that you're making me feel tonight It's hard to let it go. $1#$b# Hold me, whatever lies beyond this morning Is a little later on. Regardless of warnings, the future doesn't scare me at all. $1#$b# Nothing's like before. $1#$e# My mom wrote that song. $4",
    "Rainy_Night_3" : "When you walk away, you don't hear me say 'Please, oh baby, don't go'.$1#$b# Simple and clean is the way that you're making me feel tonight. It's hard to let it go, you're giving me, $1#$b# Too many things lately you're all I need, oh You smiled at me and said Don't get me wrong, I love you $1#$b# But does that mean I have to meet your father? When we are older, you'll understand What I meant when I said $1#$b# No, I don't think life is quite that simple $1#$b#When you walk away, you don't hear me say 'Please, oh baby, don't go'. Simple and clean.$1#$b# Is the way that you're making me feel tonight It's hard to let it go. $1#$b# Hold me, whatever lies beyond this morning Is a little later on. Regardless of warnings, the future doesn't scare me at all. $1#$b# Nothing's like before. $1#$e# My mom wrote that song. $4",
    "Rainy_Night_4" : "When you walk away, you don't hear me say 'Please, oh baby, don't go'.$1#$b# Simple and clean is the way that you're making me feel tonight. It's hard to let it go, you're giving me, $1#$b# Too many things lately you're all I need, oh You smiled at me and said Don't get me wrong, I love you $1#$b# But does that mean I have to meet your father? When we are older, you'll understand What I meant when I said $1#$b# No, I don't think life is quite that simple $1#$b#When you walk away, you don't hear me say 'Please, oh baby, don't go'. Simple and clean.$1#$b# Is the way that you're making me feel tonight It's hard to let it go. $1#$b# Hold me, whatever lies beyond this morning Is a little later on. Regardless of warnings, the future doesn't scare me at all. $1#$b# Nothing's like before. $1#$e# My mom wrote that song. $4",
    "Rainy_Night_5" : "When you walk away, you don't hear me say 'Please, oh baby, don't go'.$1#$b# Simple and clean is the way that you're making me feel tonight. It's hard to let it go, you're giving me, $1#$b# Too many things lately you're all I need, oh You smiled at me and said Don't get me wrong, I love you $1#$b# But does that mean I have to meet your father? When we are older, you'll understand What I meant when I said $1#$b# No, I don't think life is quite that simple $1#$b#When you walk away, you don't hear me say 'Please, oh baby, don't go'. Simple and clean.$1#$b# Is the way that you're making me feel tonight It's hard to let it go. $1#$b# Hold me, whatever lies beyond this morning Is a little later on. Regardless of warnings, the future doesn't scare me at all. $1#$b# Nothing's like before. $1#$e# My mom wrote that song. $4",


    "Indoor_Day_0" : "When you walk away, you don't hear me say 'Please, oh baby, don't go'.$1#$b# Simple and clean is the way that you're making me feel tonight. It's hard to let it go, you're giving me, $1#$b# Too many things lately you're all I need, oh You smiled at me and said Don't get me wrong, I love you $1#$b# But does that mean I have to meet your father? When we are older, you'll understand What I meant when I said $1#$b# No, I don't think life is quite that simple $1#$b#When you walk away, you don't hear me say 'Please, oh baby, don't go'. Simple and clean.$1#$b# Is the way that you're making me feel tonight It's hard to let it go. $1#$b# Hold me, whatever lies beyond this morning Is a little later on. Regardless of warnings, the future doesn't scare me at all. $1#$b# Nothing's like before. $1#$e# My mom wrote that song. $4",
    "Indoor_Day_1" : "When you walk away, you don't hear me say 'Please, oh baby, don't go'.$1#$b# Simple and clean is the way that you're making me feel tonight. It's hard to let it go, you're giving me, $1#$b# Too many things lately you're all I need, oh You smiled at me and said Don't get me wrong, I love you $1#$b# But does that mean I have to meet your father? When we are older, you'll understand What I meant when I said $1#$b# No, I don't think life is quite that simple $1#$b#When you walk away, you don't hear me say 'Please, oh baby, don't go'. Simple and clean.$1#$b# Is the way that you're making me feel tonight It's hard to let it go. $1#$b# Hold me, whatever lies beyond this morning Is a little later on. Regardless of warnings, the future doesn't scare me at all. $1#$b# Nothing's like before. $1#$e# My mom wrote that song. $4",
    "Indoor_Day_2" : "When you walk away, you don't hear me say 'Please, oh baby, don't go'.$1#$b# Simple and clean is the way that you're making me feel tonight. It's hard to let it go, you're giving me, $1#$b# Too many things lately you're all I need, oh You smiled at me and said Don't get me wrong, I love you $1#$b# But does that mean I have to meet your father? When we are older, you'll understand What I meant when I said $1#$b# No, I don't think life is quite that simple $1#$b#When you walk away, you don't hear me say 'Please, oh baby, don't go'. Simple and clean.$1#$b# Is the way that you're making me feel tonight It's hard to let it go. $1#$b# Hold me, whatever lies beyond this morning Is a little later on. Regardless of warnings, the future doesn't scare me at all. $1#$b# Nothing's like before. $1#$e# My mom wrote that song. $4",
    "Indoor_Day_3" : "When you walk away, you don't hear me say 'Please, oh baby, don't go'.$1#$b# Simple and clean is the way that you're making me feel tonight. It's hard to let it go, you're giving me, $1#$b# Too many things lately you're all I need, oh You smiled at me and said Don't get me wrong, I love you $1#$b# But does that mean I have to meet your father? When we are older, you'll understand What I meant when I said $1#$b# No, I don't think life is quite that simple $1#$b#When you walk away, you don't hear me say 'Please, oh baby, don't go'. Simple and clean.$1#$b# Is the way that you're making me feel tonight It's hard to let it go. $1#$b# Hold me, whatever lies beyond this morning Is a little later on. Regardless of warnings, the future doesn't scare me at all. $1#$b# Nothing's like before. $1#$e# My mom wrote that song. $4",
    "Indoor_Day_4" : "When you walk away, you don't hear me say 'Please, oh baby, don't go'.$1#$b# Simple and clean is the way that you're making me feel tonight. It's hard to let it go, you're giving me, $1#$b# Too many things lately you're all I need, oh You smiled at me and said Don't get me wrong, I love you $1#$b# But does that mean I have to meet your father? When we are older, you'll understand What I meant when I said $1#$b# No, I don't think life is quite that simple $1#$b#When you walk away, you don't hear me say 'Please, oh baby, don't go'. Simple and clean.$1#$b# Is the way that you're making me feel tonight It's hard to let it go. $1#$b# Hold me, whatever lies beyond this morning Is a little later on. Regardless of warnings, the future doesn't scare me at all. $1#$b# Nothing's like before. $1#$e# My mom wrote that song. $4",


    "Indoor_Night_0" : "When you walk away, you don't hear me say 'Please, oh baby, don't go'.$1#$b# Simple and clean is the way that you're making me feel tonight. It's hard to let it go, you're giving me, $1#$b# Too many things lately you're all I need, oh You smiled at me and said Don't get me wrong, I love you $1#$b# But does that mean I have to meet your father? When we are older, you'll understand What I meant when I said $1#$b# No, I don't think life is quite that simple $1#$b#When you walk away, you don't hear me say 'Please, oh baby, don't go'. Simple and clean.$1#$b# Is the way that you're making me feel tonight It's hard to let it go. $1#$b# Hold me, whatever lies beyond this morning Is a little later on. Regardless of warnings, the future doesn't scare me at all. $1#$b# Nothing's like before. $1#$e# My mom wrote that song. $4",
    "Indoor_Night_1" : "When you walk away, you don't hear me say 'Please, oh baby, don't go'.$1#$b# Simple and clean is the way that you're making me feel tonight. It's hard to let it go, you're giving me, $1#$b# Too many things lately you're all I need, oh You smiled at me and said Don't get me wrong, I love you $1#$b# But does that mean I have to meet your father? When we are older, you'll understand What I meant when I said $1#$b# No, I don't think life is quite that simple $1#$b#When you walk away, you don't hear me say 'Please, oh baby, don't go'. Simple and clean.$1#$b# Is the way that you're making me feel tonight It's hard to let it go. $1#$b# Hold me, whatever lies beyond this morning Is a little later on. Regardless of warnings, the future doesn't scare me at all. $1#$b# Nothing's like before. $1#$e# My mom wrote that song. $4",
    "Indoor_Night_2" : "When you walk away, you don't hear me say 'Please, oh baby, don't go'.$1#$b# Simple and clean is the way that you're making me feel tonight. It's hard to let it go, you're giving me, $1#$b# Too many things lately you're all I need, oh You smiled at me and said Don't get me wrong, I love you $1#$b# But does that mean I have to meet your father? When we are older, you'll understand What I meant when I said $1#$b# No, I don't think life is quite that simple $1#$b#When you walk away, you don't hear me say 'Please, oh baby, don't go'. Simple and clean.$1#$b# Is the way that you're making me feel tonight It's hard to let it go. $1#$b# Hold me, whatever lies beyond this morning Is a little later on. Regardless of warnings, the future doesn't scare me at all. $1#$b# Nothing's like before. $1#$e# My mom wrote that song. $4",
    "Indoor_Night_3" : "When you walk away, you don't hear me say 'Please, oh baby, don't go'.$1#$b# Simple and clean is the way that you're making me feel tonight. It's hard to let it go, you're giving me, $1#$b# Too many things lately you're all I need, oh You smiled at me and said Don't get me wrong, I love you $1#$b# But does that mean I have to meet your father? When we are older, you'll understand What I meant when I said $1#$b# No, I don't think life is quite that simple $1#$b#When you walk away, you don't hear me say 'Please, oh baby, don't go'. Simple and clean.$1#$b# Is the way that you're making me feel tonight It's hard to let it go. $1#$b# Hold me, whatever lies beyond this morning Is a little later on. Regardless of warnings, the future doesn't scare me at all. $1#$b# Nothing's like before. $1#$e# My mom wrote that song. $4",
    "Indoor_Night_4" : "When you walk away, you don't hear me say 'Please, oh baby, don't go'.$1#$b# Simple and clean is the way that you're making me feel tonight. It's hard to let it go, you're giving me, $1#$b# Too many things lately you're all I need, oh You smiled at me and said Don't get me wrong, I love you $1#$b# But does that mean I have to meet your father? When we are older, you'll understand What I meant when I said $1#$b# No, I don't think life is quite that simple $1#$b#When you walk away, you don't hear me say 'Please, oh baby, don't go'. Simple and clean.$1#$b# Is the way that you're making me feel tonight It's hard to let it go. $1#$b# Hold me, whatever lies beyond this morning Is a little later on. Regardless of warnings, the future doesn't scare me at all. $1#$b# Nothing's like before. $1#$e# My mom wrote that song. $4",

    "Good_0" : "When you walk away, you don't hear me say 'Please, oh baby, don't go'.$1#$b# Simple and clean is the way that you're making me feel tonight. It's hard to let it go, you're giving me, $1#$b# Too many things lately you're all I need, oh You smiled at me and said Don't get me wrong, I love you $1#$b# But does that mean I have to meet your father? When we are older, you'll understand What I meant when I said $1#$b# No, I don't think life is quite that simple $1#$b#When you walk away, you don't hear me say 'Please, oh baby, don't go'. Simple and clean.$1#$b# Is the way that you're making me feel tonight It's hard to let it go. $1#$b# Hold me, whatever lies beyond this morning Is a little later on. Regardless of warnings, the future doesn't scare me at all. $1#$b# Nothing's like before. $1#$e# My mom wrote that song. $4",
    "Good_1" : "When you walk away, you don't hear me say 'Please, oh baby, don't go'.$1#$b# Simple and clean is the way that you're making me feel tonight. It's hard to let it go, you're giving me, $1#$b# Too many things lately you're all I need, oh You smiled at me and said Don't get me wrong, I love you $1#$b# But does that mean I have to meet your father? When we are older, you'll understand What I meant when I said $1#$b# No, I don't think life is quite that simple $1#$b#When you walk away, you don't hear me say 'Please, oh baby, don't go'. Simple and clean.$1#$b# Is the way that you're making me feel tonight It's hard to let it go. $1#$b# Hold me, whatever lies beyond this morning Is a little later on. Regardless of warnings, the future doesn't scare me at all. $1#$b# Nothing's like before. $1#$e# My mom wrote that song. $4",
    "Good_2" : "When you walk away, you don't hear me say 'Please, oh baby, don't go'.$1#$b# Simple and clean is the way that you're making me feel tonight. It's hard to let it go, you're giving me, $1#$b# Too many things lately you're all I need, oh You smiled at me and said Don't get me wrong, I love you $1#$b# But does that mean I have to meet your father? When we are older, you'll understand What I meant when I said $1#$b# No, I don't think life is quite that simple $1#$b#When you walk away, you don't hear me say 'Please, oh baby, don't go'. Simple and clean.$1#$b# Is the way that you're making me feel tonight It's hard to let it go. $1#$b# Hold me, whatever lies beyond this morning Is a little later on. Regardless of warnings, the future doesn't scare me at all. $1#$b# Nothing's like before. $1#$e# My mom wrote that song. $4",
    "Good_3" : "When you walk away, you don't hear me say 'Please, oh baby, don't go'.$1#$b# Simple and clean is the way that you're making me feel tonight. It's hard to let it go, you're giving me, $1#$b# Too many things lately you're all I need, oh You smiled at me and said Don't get me wrong, I love you $1#$b# But does that mean I have to meet your father? When we are older, you'll understand What I meant when I said $1#$b# No, I don't think life is quite that simple $1#$b#When you walk away, you don't hear me say 'Please, oh baby, don't go'. Simple and clean.$1#$b# Is the way that you're making me feel tonight It's hard to let it go. $1#$b# Hold me, whatever lies beyond this morning Is a little later on. Regardless of warnings, the future doesn't scare me at all. $1#$b# Nothing's like before. $1#$e# My mom wrote that song. $4",
    "Good_4" : "When you walk away, you don't hear me say 'Please, oh baby, don't go'.$1#$b# Simple and clean is the way that you're making me feel tonight. It's hard to let it go, you're giving me, $1#$b# Too many things lately you're all I need, oh You smiled at me and said Don't get me wrong, I love you $1#$b# But does that mean I have to meet your father? When we are older, you'll understand What I meant when I said $1#$b# No, I don't think life is quite that simple $1#$b#When you walk away, you don't hear me say 'Please, oh baby, don't go'. Simple and clean.$1#$b# Is the way that you're making me feel tonight It's hard to let it go. $1#$b# Hold me, whatever lies beyond this morning Is a little later on. Regardless of warnings, the future doesn't scare me at all. $1#$b# Nothing's like before. $1#$e# My mom wrote that song. $4",
    "Good_5" : "When you walk away, you don't hear me say 'Please, oh baby, don't go'.$1#$b# Simple and clean is the way that you're making me feel tonight. It's hard to let it go, you're giving me, $1#$b# Too many things lately you're all I need, oh You smiled at me and said Don't get me wrong, I love you $1#$b# But does that mean I have to meet your father? When we are older, you'll understand What I meant when I said $1#$b# No, I don't think life is quite that simple $1#$b#When you walk away, you don't hear me say 'Please, oh baby, don't go'. Simple and clean.$1#$b# Is the way that you're making me feel tonight It's hard to let it go. $1#$b# Hold me, whatever lies beyond this morning Is a little later on. Regardless of warnings, the future doesn't scare me at all. $1#$b# Nothing's like before. $1#$e# My mom wrote that song. $4",
    "Good_6" : "When you walk away, you don't hear me say 'Please, oh baby, don't go'.$1#$b# Simple and clean is the way that you're making me feel tonight. It's hard to let it go, you're giving me, $1#$b# Too many things lately you're all I need, oh You smiled at me and said Don't get me wrong, I love you $1#$b# But does that mean I have to meet your father? When we are older, you'll understand What I meant when I said $1#$b# No, I don't think life is quite that simple $1#$b#When you walk away, you don't hear me say 'Please, oh baby, don't go'. Simple and clean.$1#$b# Is the way that you're making me feel tonight It's hard to let it go. $1#$b# Hold me, whatever lies beyond this morning Is a little later on. Regardless of warnings, the future doesn't scare me at all. $1#$b# Nothing's like before. $1#$e# My mom wrote that song. $4",
    "Good_7" : "When you walk away, you don't hear me say 'Please, oh baby, don't go'.$1#$b# Simple and clean is the way that you're making me feel tonight. It's hard to let it go, you're giving me, $1#$b# Too many things lately you're all I need, oh You smiled at me and said Don't get me wrong, I love you $1#$b# But does that mean I have to meet your father? When we are older, you'll understand What I meant when I said $1#$b# No, I don't think life is quite that simple $1#$b#When you walk away, you don't hear me say 'Please, oh baby, don't go'. Simple and clean.$1#$b# Is the way that you're making me feel tonight It's hard to let it go. $1#$b# Hold me, whatever lies beyond this morning Is a little later on. Regardless of warnings, the future doesn't scare me at all. $1#$b# Nothing's like before. $1#$e# My mom wrote that song. $4",
    "Good_8" : "When you walk away, you don't hear me say 'Please, oh baby, don't go'.$1#$b# Simple and clean is the way that you're making me feel tonight. It's hard to let it go, you're giving me, $1#$b# Too many things lately you're all I need, oh You smiled at me and said Don't get me wrong, I love you $1#$b# But does that mean I have to meet your father? When we are older, you'll understand What I meant when I said $1#$b# No, I don't think life is quite that simple $1#$b#When you walk away, you don't hear me say 'Please, oh baby, don't go'. Simple and clean.$1#$b# Is the way that you're making me feel tonight It's hard to let it go. $1#$b# Hold me, whatever lies beyond this morning Is a little later on. Regardless of warnings, the future doesn't scare me at all. $1#$b# Nothing's like before. $1#$e# My mom wrote that song. $4",
    "Good_9" : "When you walk away, you don't hear me say 'Please, oh baby, don't go'.$1#$b# Simple and clean is the way that you're making me feel tonight. It's hard to let it go, you're giving me, $1#$b# Too many things lately you're all I need, oh You smiled at me and said Don't get me wrong, I love you $1#$b# But does that mean I have to meet your father? When we are older, you'll understand What I meant when I said $1#$b# No, I don't think life is quite that simple $1#$b#When you walk away, you don't hear me say 'Please, oh baby, don't go'. Simple and clean.$1#$b# Is the way that you're making me feel tonight It's hard to let it go. $1#$b# Hold me, whatever lies beyond this morning Is a little later on. Regardless of warnings, the future doesn't scare me at all. $1#$b# Nothing's like before. $1#$e# My mom wrote that song. $4",

    "Neutral_0" : "When you walk away, you don't hear me say 'Please, oh baby, don't go'.$1#$b# Simple and clean is the way that you're making me feel tonight. It's hard to let it go, you're giving me, $1#$b# Too many things lately you're all I need, oh You smiled at me and said Don't get me wrong, I love you $1#$b# But does that mean I have to meet your father? When we are older, you'll understand What I meant when I said $1#$b# No, I don't think life is quite that simple $1#$b#When you walk away, you don't hear me say 'Please, oh baby, don't go'. Simple and clean.$1#$b# Is the way that you're making me feel tonight It's hard to let it go. $1#$b# Hold me, whatever lies beyond this morning Is a little later on. Regardless of warnings, the future doesn't scare me at all. $1#$b# Nothing's like before. $1#$e# My mom wrote that song. $4",
    "Neutral_1" : "When you walk away, you don't hear me say 'Please, oh baby, don't go'.$1#$b# Simple and clean is the way that you're making me feel tonight. It's hard to let it go, you're giving me, $1#$b# Too many things lately you're all I need, oh You smiled at me and said Don't get me wrong, I love you $1#$b# But does that mean I have to meet your father? When we are older, you'll understand What I meant when I said $1#$b# No, I don't think life is quite that simple $1#$b#When you walk away, you don't hear me say 'Please, oh baby, don't go'. Simple and clean.$1#$b# Is the way that you're making me feel tonight It's hard to let it go. $1#$b# Hold me, whatever lies beyond this morning Is a little later on. Regardless of warnings, the future doesn't scare me at all. $1#$b# Nothing's like before. $1#$e# My mom wrote that song. $4",
    "Neutral_2" : "When you walk away, you don't hear me say 'Please, oh baby, don't go'.$1#$b# Simple and clean is the way that you're making me feel tonight. It's hard to let it go, you're giving me, $1#$b# Too many things lately you're all I need, oh You smiled at me and said Don't get me wrong, I love you $1#$b# But does that mean I have to meet your father? When we are older, you'll understand What I meant when I said $1#$b# No, I don't think life is quite that simple $1#$b#When you walk away, you don't hear me say 'Please, oh baby, don't go'. Simple and clean.$1#$b# Is the way that you're making me feel tonight It's hard to let it go. $1#$b# Hold me, whatever lies beyond this morning Is a little later on. Regardless of warnings, the future doesn't scare me at all. $1#$b# Nothing's like before. $1#$e# My mom wrote that song. $4",
    "Neutral_3" : "When you walk away, you don't hear me say 'Please, oh baby, don't go'.$1#$b# Simple and clean is the way that you're making me feel tonight. It's hard to let it go, you're giving me, $1#$b# Too many things lately you're all I need, oh You smiled at me and said Don't get me wrong, I love you $1#$b# But does that mean I have to meet your father? When we are older, you'll understand What I meant when I said $1#$b# No, I don't think life is quite that simple $1#$b#When you walk away, you don't hear me say 'Please, oh baby, don't go'. Simple and clean.$1#$b# Is the way that you're making me feel tonight It's hard to let it go. $1#$b# Hold me, whatever lies beyond this morning Is a little later on. Regardless of warnings, the future doesn't scare me at all. $1#$b# Nothing's like before. $1#$e# My mom wrote that song. $4",
    "Neutral_4" : "When you walk away, you don't hear me say 'Please, oh baby, don't go'.$1#$b# Simple and clean is the way that you're making me feel tonight. It's hard to let it go, you're giving me, $1#$b# Too many things lately you're all I need, oh You smiled at me and said Don't get me wrong, I love you $1#$b# But does that mean I have to meet your father? When we are older, you'll understand What I meant when I said $1#$b# No, I don't think life is quite that simple $1#$b#When you walk away, you don't hear me say 'Please, oh baby, don't go'. Simple and clean.$1#$b# Is the way that you're making me feel tonight It's hard to let it go. $1#$b# Hold me, whatever lies beyond this morning Is a little later on. Regardless of warnings, the future doesn't scare me at all. $1#$b# Nothing's like before. $1#$e# My mom wrote that song. $4",
    "Neutral_5" : "When you walk away, you don't hear me say 'Please, oh baby, don't go'.$1#$b# Simple and clean is the way that you're making me feel tonight. It's hard to let it go, you're giving me, $1#$b# Too many things lately you're all I need, oh You smiled at me and said Don't get me wrong, I love you $1#$b# But does that mean I have to meet your father? When we are older, you'll understand What I meant when I said $1#$b# No, I don't think life is quite that simple $1#$b#When you walk away, you don't hear me say 'Please, oh baby, don't go'. Simple and clean.$1#$b# Is the way that you're making me feel tonight It's hard to let it go. $1#$b# Hold me, whatever lies beyond this morning Is a little later on. Regardless of warnings, the future doesn't scare me at all. $1#$b# Nothing's like before. $1#$e# My mom wrote that song. $4",
    "Neutral_6" : "When you walk away, you don't hear me say 'Please, oh baby, don't go'.$1#$b# Simple and clean is the way that you're making me feel tonight. It's hard to let it go, you're giving me, $1#$b# Too many things lately you're all I need, oh You smiled at me and said Don't get me wrong, I love you $1#$b# But does that mean I have to meet your father? When we are older, you'll understand What I meant when I said $1#$b# No, I don't think life is quite that simple $1#$b#When you walk away, you don't hear me say 'Please, oh baby, don't go'. Simple and clean.$1#$b# Is the way that you're making me feel tonight It's hard to let it go. $1#$b# Hold me, whatever lies beyond this morning Is a little later on. Regardless of warnings, the future doesn't scare me at all. $1#$b# Nothing's like before. $1#$e# My mom wrote that song. $4",
    "Neutral_7" : "When you walk away, you don't hear me say 'Please, oh baby, don't go'.$1#$b# Simple and clean is the way that you're making me feel tonight. It's hard to let it go, you're giving me, $1#$b# Too many things lately you're all I need, oh You smiled at me and said Don't get me wrong, I love you $1#$b# But does that mean I have to meet your father? When we are older, you'll understand What I meant when I said $1#$b# No, I don't think life is quite that simple $1#$b#When you walk away, you don't hear me say 'Please, oh baby, don't go'. Simple and clean.$1#$b# Is the way that you're making me feel tonight It's hard to let it go. $1#$b# Hold me, whatever lies beyond this morning Is a little later on. Regardless of warnings, the future doesn't scare me at all. $1#$b# Nothing's like before. $1#$e# My mom wrote that song. $4",
    "Neutral_8" : "When you walk away, you don't hear me say 'Please, oh baby, don't go'.$1#$b# Simple and clean is the way that you're making me feel tonight. It's hard to let it go, you're giving me, $1#$b# Too many things lately you're all I need, oh You smiled at me and said Don't get me wrong, I love you $1#$b# But does that mean I have to meet your father? When we are older, you'll understand What I meant when I said $1#$b# No, I don't think life is quite that simple $1#$b#When you walk away, you don't hear me say 'Please, oh baby, don't go'. Simple and clean.$1#$b# Is the way that you're making me feel tonight It's hard to let it go. $1#$b# Hold me, whatever lies beyond this morning Is a little later on. Regardless of warnings, the future doesn't scare me at all. $1#$b# Nothing's like before. $1#$e# My mom wrote that song. $4",
    "Neutral_9" : "When you walk away, you don't hear me say 'Please, oh baby, don't go'.$1#$b# Simple and clean is the way that you're making me feel tonight. It's hard to let it go, you're giving me, $1#$b# Too many things lately you're all I need, oh You smiled at me and said Don't get me wrong, I love you $1#$b# But does that mean I have to meet your father? When we are older, you'll understand What I meant when I said $1#$b# No, I don't think life is quite that simple $1#$b#When you walk away, you don't hear me say 'Please, oh baby, don't go'. Simple and clean.$1#$b# Is the way that you're making me feel tonight It's hard to let it go. $1#$b# Hold me, whatever lies beyond this morning Is a little later on. Regardless of warnings, the future doesn't scare me at all. $1#$b# Nothing's like before. $1#$e# My mom wrote that song. $4",

    "Bad_0" : "When you walk away, you don't hear me say 'Please, oh baby, don't go'.$1#$b# Simple and clean is the way that you're making me feel tonight. It's hard to let it go, you're giving me, $1#$b# Too many things lately you're all I need, oh You smiled at me and said Don't get me wrong, I love you $1#$b# But does that mean I have to meet your father? When we are older, you'll understand What I meant when I said $1#$b# No, I don't think life is quite that simple $1#$b#When you walk away, you don't hear me say 'Please, oh baby, don't go'. Simple and clean.$1#$b# Is the way that you're making me feel tonight It's hard to let it go. $1#$b# Hold me, whatever lies beyond this morning Is a little later on. Regardless of warnings, the future doesn't scare me at all. $1#$b# Nothing's like before. $1#$e# My mom wrote that song. $4",
    "Bad_1" : "When you walk away, you don't hear me say 'Please, oh baby, don't go'.$1#$b# Simple and clean is the way that you're making me feel tonight. It's hard to let it go, you're giving me, $1#$b# Too many things lately you're all I need, oh You smiled at me and said Don't get me wrong, I love you $1#$b# But does that mean I have to meet your father? When we are older, you'll understand What I meant when I said $1#$b# No, I don't think life is quite that simple $1#$b#When you walk away, you don't hear me say 'Please, oh baby, don't go'. Simple and clean.$1#$b# Is the way that you're making me feel tonight It's hard to let it go. $1#$b# Hold me, whatever lies beyond this morning Is a little later on. Regardless of warnings, the future doesn't scare me at all. $1#$b# Nothing's like before. $1#$e# My mom wrote that song. $4",
    "Bad_2" : "When you walk away, you don't hear me say 'Please, oh baby, don't go'.$1#$b# Simple and clean is the way that you're making me feel tonight. It's hard to let it go, you're giving me, $1#$b# Too many things lately you're all I need, oh You smiled at me and said Don't get me wrong, I love you $1#$b# But does that mean I have to meet your father? When we are older, you'll understand What I meant when I said $1#$b# No, I don't think life is quite that simple $1#$b#When you walk away, you don't hear me say 'Please, oh baby, don't go'. Simple and clean.$1#$b# Is the way that you're making me feel tonight It's hard to let it go. $1#$b# Hold me, whatever lies beyond this morning Is a little later on. Regardless of warnings, the future doesn't scare me at all. $1#$b# Nothing's like before. $1#$e# My mom wrote that song. $4",
    "Bad_3" : "When you walk away, you don't hear me say 'Please, oh baby, don't go'.$1#$b# Simple and clean is the way that you're making me feel tonight. It's hard to let it go, you're giving me, $1#$b# Too many things lately you're all I need, oh You smiled at me and said Don't get me wrong, I love you $1#$b# But does that mean I have to meet your father? When we are older, you'll understand What I meant when I said $1#$b# No, I don't think life is quite that simple $1#$b#When you walk away, you don't hear me say 'Please, oh baby, don't go'. Simple and clean.$1#$b# Is the way that you're making me feel tonight It's hard to let it go. $1#$b# Hold me, whatever lies beyond this morning Is a little later on. Regardless of warnings, the future doesn't scare me at all. $1#$b# Nothing's like before. $1#$e# My mom wrote that song. $4",
    "Bad_4" : "When you walk away, you don't hear me say 'Please, oh baby, don't go'.$1#$b# Simple and clean is the way that you're making me feel tonight. It's hard to let it go, you're giving me, $1#$b# Too many things lately you're all I need, oh You smiled at me and said Don't get me wrong, I love you $1#$b# But does that mean I have to meet your father? When we are older, you'll understand What I meant when I said $1#$b# No, I don't think life is quite that simple $1#$b#When you walk away, you don't hear me say 'Please, oh baby, don't go'. Simple and clean.$1#$b# Is the way that you're making me feel tonight It's hard to let it go. $1#$b# Hold me, whatever lies beyond this morning Is a little later on. Regardless of warnings, the future doesn't scare me at all. $1#$b# Nothing's like before. $1#$e# My mom wrote that song. $4",
    "Bad_5" : "When you walk away, you don't hear me say 'Please, oh baby, don't go'.$1#$b# Simple and clean is the way that you're making me feel tonight. It's hard to let it go, you're giving me, $1#$b# Too many things lately you're all I need, oh You smiled at me and said Don't get me wrong, I love you $1#$b# But does that mean I have to meet your father? When we are older, you'll understand What I meant when I said $1#$b# No, I don't think life is quite that simple $1#$b#When you walk away, you don't hear me say 'Please, oh baby, don't go'. Simple and clean.$1#$b# Is the way that you're making me feel tonight It's hard to let it go. $1#$b# Hold me, whatever lies beyond this morning Is a little later on. Regardless of warnings, the future doesn't scare me at all. $1#$b# Nothing's like before. $1#$e# My mom wrote that song. $4",
    "Bad_6" : "When you walk away, you don't hear me say 'Please, oh baby, don't go'.$1#$b# Simple and clean is the way that you're making me feel tonight. It's hard to let it go, you're giving me, $1#$b# Too many things lately you're all I need, oh You smiled at me and said Don't get me wrong, I love you $1#$b# But does that mean I have to meet your father? When we are older, you'll understand What I meant when I said $1#$b# No, I don't think life is quite that simple $1#$b#When you walk away, you don't hear me say 'Please, oh baby, don't go'. Simple and clean.$1#$b# Is the way that you're making me feel tonight It's hard to let it go. $1#$b# Hold me, whatever lies beyond this morning Is a little later on. Regardless of warnings, the future doesn't scare me at all. $1#$b# Nothing's like before. $1#$e# My mom wrote that song. $4",
    "Bad_7" : "When you walk away, you don't hear me say 'Please, oh baby, don't go'.$1#$b# Simple and clean is the way that you're making me feel tonight. It's hard to let it go, you're giving me, $1#$b# Too many things lately you're all I need, oh You smiled at me and said Don't get me wrong, I love you $1#$b# But does that mean I have to meet your father? When we are older, you'll understand What I meant when I said $1#$b# No, I don't think life is quite that simple $1#$b#When you walk away, you don't hear me say 'Please, oh baby, don't go'. Simple and clean.$1#$b# Is the way that you're making me feel tonight It's hard to let it go. $1#$b# Hold me, whatever lies beyond this morning Is a little later on. Regardless of warnings, the future doesn't scare me at all. $1#$b# Nothing's like before. $1#$e# My mom wrote that song. $4",
    "Bad_8" : "When you walk away, you don't hear me say 'Please, oh baby, don't go'.$1#$b# Simple and clean is the way that you're making me feel tonight. It's hard to let it go, you're giving me, $1#$b# Too many things lately you're all I need, oh You smiled at me and said Don't get me wrong, I love you $1#$b# But does that mean I have to meet your father? When we are older, you'll understand What I meant when I said $1#$b# No, I don't think life is quite that simple $1#$b#When you walk away, you don't hear me say 'Please, oh baby, don't go'. Simple and clean.$1#$b# Is the way that you're making me feel tonight It's hard to let it go. $1#$b# Hold me, whatever lies beyond this morning Is a little later on. Regardless of warnings, the future doesn't scare me at all. $1#$b# Nothing's like before. $1#$e# My mom wrote that song. $4",
    "Bad_9" : "When you walk away, you don't hear me say 'Please, oh baby, don't go'.$1#$b# Simple and clean is the way that you're making me feel tonight. It's hard to let it go, you're giving me, $1#$b# Too many things lately you're all I need, oh You smiled at me and said Don't get me wrong, I love you $1#$b# But does that mean I have to meet your father? When we are older, you'll understand What I meant when I said $1#$b# No, I don't think life is quite that simple $1#$b#When you walk away, you don't hear me say 'Please, oh baby, don't go'. Simple and clean.$1#$b# Is the way that you're making me feel tonight It's hard to let it go. $1#$b# Hold me, whatever lies beyond this morning Is a little later on. Regardless of warnings, the future doesn't scare me at all. $1#$b# Nothing's like before. $1#$e# My mom wrote that song. $4",

    "OneKid_0": "When you walk away, you don't hear me say 'Please, oh baby, don't go'.$1#$b# Simple and clean is the way that you're making me feel tonight. It's hard to let it go, you're giving me, $1#$b# Too many things lately you're all I need, oh You smiled at me and said Don't get me wrong, I love you $1#$b# But does that mean I have to meet your father? When we are older, you'll understand What I meant when I said $1#$b# No, I don't think life is quite that simple $1#$b#When you walk away, you don't hear me say 'Please, oh baby, don't go'. Simple and clean.$1#$b# Is the way that you're making me feel tonight It's hard to let it go. $1#$b# Hold me, whatever lies beyond this morning Is a little later on. Regardless of warnings, the future doesn't scare me at all. $1#$b# Nothing's like before. $1#$e# My mom wrote that song. $4",
    "OneKid_1": "When you walk away, you don't hear me say 'Please, oh baby, don't go'.$1#$b# Simple and clean is the way that you're making me feel tonight. It's hard to let it go, you're giving me, $1#$b# Too many things lately you're all I need, oh You smiled at me and said Don't get me wrong, I love you $1#$b# But does that mean I have to meet your father? When we are older, you'll understand What I meant when I said $1#$b# No, I don't think life is quite that simple $1#$b#When you walk away, you don't hear me say 'Please, oh baby, don't go'. Simple and clean.$1#$b# Is the way that you're making me feel tonight It's hard to let it go. $1#$b# Hold me, whatever lies beyond this morning Is a little later on. Regardless of warnings, the future doesn't scare me at all. $1#$b# Nothing's like before. $1#$e# My mom wrote that song. $4",
    "OneKid_2": "When you walk away, you don't hear me say 'Please, oh baby, don't go'.$1#$b# Simple and clean is the way that you're making me feel tonight. It's hard to let it go, you're giving me, $1#$b# Too many things lately you're all I need, oh You smiled at me and said Don't get me wrong, I love you $1#$b# But does that mean I have to meet your father? When we are older, you'll understand What I meant when I said $1#$b# No, I don't think life is quite that simple $1#$b#When you walk away, you don't hear me say 'Please, oh baby, don't go'. Simple and clean.$1#$b# Is the way that you're making me feel tonight It's hard to let it go. $1#$b# Hold me, whatever lies beyond this morning Is a little later on. Regardless of warnings, the future doesn't scare me at all. $1#$b# Nothing's like before. $1#$e# My mom wrote that song. $4",
    "OneKid_3": "When you walk away, you don't hear me say 'Please, oh baby, don't go'.$1#$b# Simple and clean is the way that you're making me feel tonight. It's hard to let it go, you're giving me, $1#$b# Too many things lately you're all I need, oh You smiled at me and said Don't get me wrong, I love you $1#$b# But does that mean I have to meet your father? When we are older, you'll understand What I meant when I said $1#$b# No, I don't think life is quite that simple $1#$b#When you walk away, you don't hear me say 'Please, oh baby, don't go'. Simple and clean.$1#$b# Is the way that you're making me feel tonight It's hard to let it go. $1#$b# Hold me, whatever lies beyond this morning Is a little later on. Regardless of warnings, the future doesn't scare me at all. $1#$b# Nothing's like before. $1#$e# My mom wrote that song. $4",
    "TwoKids_0": "When you walk away, you don't hear me say 'Please, oh baby, don't go'.$1#$b# Simple and clean is the way that you're making me feel tonight. It's hard to let it go, you're giving me, $1#$b# Too many things lately you're all I need, oh You smiled at me and said Don't get me wrong, I love you $1#$b# But does that mean I have to meet your father? When we are older, you'll understand What I meant when I said $1#$b# No, I don't think life is quite that simple $1#$b#When you walk away, you don't hear me say 'Please, oh baby, don't go'. Simple and clean.$1#$b# Is the way that you're making me feel tonight It's hard to let it go. $1#$b# Hold me, whatever lies beyond this morning Is a little later on. Regardless of warnings, the future doesn't scare me at all. $1#$b# Nothing's like before. $1#$e# My mom wrote that song. $4",
    "TwoKids_1": "When you walk away, you don't hear me say 'Please, oh baby, don't go'.$1#$b# Simple and clean is the way that you're making me feel tonight. It's hard to let it go, you're giving me, $1#$b# Too many things lately you're all I need, oh You smiled at me and said Don't get me wrong, I love you $1#$b# But does that mean I have to meet your father? When we are older, you'll understand What I meant when I said $1#$b# No, I don't think life is quite that simple $1#$b#When you walk away, you don't hear me say 'Please, oh baby, don't go'. Simple and clean.$1#$b# Is the way that you're making me feel tonight It's hard to let it go. $1#$b# Hold me, whatever lies beyond this morning Is a little later on. Regardless of warnings, the future doesn't scare me at all. $1#$b# Nothing's like before. $1#$e# My mom wrote that song. $4",
    "TwoKids_2": "When you walk away, you don't hear me say 'Please, oh baby, don't go'.$1#$b# Simple and clean is the way that you're making me feel tonight. It's hard to let it go, you're giving me, $1#$b# Too many things lately you're all I need, oh You smiled at me and said Don't get me wrong, I love you $1#$b# But does that mean I have to meet your father? When we are older, you'll understand What I meant when I said $1#$b# No, I don't think life is quite that simple $1#$b#When you walk away, you don't hear me say 'Please, oh baby, don't go'. Simple and clean.$1#$b# Is the way that you're making me feel tonight It's hard to let it go. $1#$b# Hold me, whatever lies beyond this morning Is a little later on. Regardless of warnings, the future doesn't scare me at all. $1#$b# Nothing's like before. $1#$e# My mom wrote that song. $4",
    "TwoKids_3": "When you walk away, you don't hear me say 'Please, oh baby, don't go'.$1#$b# Simple and clean is the way that you're making me feel tonight. It's hard to let it go, you're giving me, $1#$b# Too many things lately you're all I need, oh You smiled at me and said Don't get me wrong, I love you $1#$b# But does that mean I have to meet your father? When we are older, you'll understand What I meant when I said $1#$b# No, I don't think life is quite that simple $1#$b#When you walk away, you don't hear me say 'Please, oh baby, don't go'. Simple and clean.$1#$b# Is the way that you're making me feel tonight It's hard to let it go. $1#$b# Hold me, whatever lies beyond this morning Is a little later on. Regardless of warnings, the future doesn't scare me at all. $1#$b# Nothing's like before. $1#$e# My mom wrote that song. $4",

    //These are all vanilla set marriage dialogue dates
      "spring_1": "When you walk away, you don't hear me say 'Please, oh baby, don't go'.$1#$b# Simple and clean is the way that you're making me feel tonight. It's hard to let it go, you're giving me, $1#$b# Too many things lately you're all I need, oh You smiled at me and said Don't get me wrong, I love you $1#$b# But does that mean I have to meet your father? When we are older, you'll understand What I meant when I said $1#$b# No, I don't think life is quite that simple $1#$b#When you walk away, you don't hear me say 'Please, oh baby, don't go'. Simple and clean.$1#$b# Is the way that you're making me feel tonight It's hard to let it go. $1#$b# Hold me, whatever lies beyond this morning Is a little later on. Regardless of warnings, the future doesn't scare me at all. $1#$b# Nothing's like before. $1#$e# My mom wrote that song. $4",
      "spring_8": "When you walk away, you don't hear me say 'Please, oh baby, don't go'.$1#$b# Simple and clean is the way that you're making me feel tonight. It's hard to let it go, you're giving me, $1#$b# Too many things lately you're all I need, oh You smiled at me and said Don't get me wrong, I love you $1#$b# But does that mean I have to meet your father? When we are older, you'll understand What I meant when I said $1#$b# No, I don't think life is quite that simple $1#$b#When you walk away, you don't hear me say 'Please, oh baby, don't go'. Simple and clean.$1#$b# Is the way that you're making me feel tonight It's hard to let it go. $1#$b# Hold me, whatever lies beyond this morning Is a little later on. Regardless of warnings, the future doesn't scare me at all. $1#$b# Nothing's like before. $1#$e# My mom wrote that song. $4",
      "summer_1": "When you walk away, you don't hear me say 'Please, oh baby, don't go'.$1#$b# Simple and clean is the way that you're making me feel tonight. It's hard to let it go, you're giving me, $1#$b# Too many things lately you're all I need, oh You smiled at me and said Don't get me wrong, I love you $1#$b# But does that mean I have to meet your father? When we are older, you'll understand What I meant when I said $1#$b# No, I don't think life is quite that simple $1#$b#When you walk away, you don't hear me say 'Please, oh baby, don't go'. Simple and clean.$1#$b# Is the way that you're making me feel tonight It's hard to let it go. $1#$b# Hold me, whatever lies beyond this morning Is a little later on. Regardless of warnings, the future doesn't scare me at all. $1#$b# Nothing's like before. $1#$e# My mom wrote that song. $4",
      "summer_8": "When you walk away, you don't hear me say 'Please, oh baby, don't go'.$1#$b# Simple and clean is the way that you're making me feel tonight. It's hard to let it go, you're giving me, $1#$b# Too many things lately you're all I need, oh You smiled at me and said Don't get me wrong, I love you $1#$b# But does that mean I have to meet your father? When we are older, you'll understand What I meant when I said $1#$b# No, I don't think life is quite that simple $1#$b#When you walk away, you don't hear me say 'Please, oh baby, don't go'. Simple and clean.$1#$b# Is the way that you're making me feel tonight It's hard to let it go. $1#$b# Hold me, whatever lies beyond this morning Is a little later on. Regardless of warnings, the future doesn't scare me at all. $1#$b# Nothing's like before. $1#$e# My mom wrote that song. $4",
      "summer_15": "When you walk away, you don't hear me say 'Please, oh baby, don't go'.$1#$b# Simple and clean is the way that you're making me feel tonight. It's hard to let it go, you're giving me, $1#$b# Too many things lately you're all I need, oh You smiled at me and said Don't get me wrong, I love you $1#$b# But does that mean I have to meet your father? When we are older, you'll understand What I meant when I said $1#$b# No, I don't think life is quite that simple $1#$b#When you walk away, you don't hear me say 'Please, oh baby, don't go'. Simple and clean.$1#$b# Is the way that you're making me feel tonight It's hard to let it go. $1#$b# Hold me, whatever lies beyond this morning Is a little later on. Regardless of warnings, the future doesn't scare me at all. $1#$b# Nothing's like before. $1#$e# My mom wrote that song. $4",
      "fall_1": "When you walk away, you don't hear me say 'Please, oh baby, don't go'.$1#$b# Simple and clean is the way that you're making me feel tonight. It's hard to let it go, you're giving me, $1#$b# Too many things lately you're all I need, oh You smiled at me and said Don't get me wrong, I love you $1#$b# But does that mean I have to meet your father? When we are older, you'll understand What I meant when I said $1#$b# No, I don't think life is quite that simple $1#$b#When you walk away, you don't hear me say 'Please, oh baby, don't go'. Simple and clean.$1#$b# Is the way that you're making me feel tonight It's hard to let it go. $1#$b# Hold me, whatever lies beyond this morning Is a little later on. Regardless of warnings, the future doesn't scare me at all. $1#$b# Nothing's like before. $1#$e# My mom wrote that song. $4",
      "fall_8": "When you walk away, you don't hear me say 'Please, oh baby, don't go'.$1#$b# Simple and clean is the way that you're making me feel tonight. It's hard to let it go, you're giving me, $1#$b# Too many things lately you're all I need, oh You smiled at me and said Don't get me wrong, I love you $1#$b# But does that mean I have to meet your father? When we are older, you'll understand What I meant when I said $1#$b# No, I don't think life is quite that simple $1#$b#When you walk away, you don't hear me say 'Please, oh baby, don't go'. Simple and clean.$1#$b# Is the way that you're making me feel tonight It's hard to let it go. $1#$b# Hold me, whatever lies beyond this morning Is a little later on. Regardless of warnings, the future doesn't scare me at all. $1#$b# Nothing's like before. $1#$e# My mom wrote that song. $4",
      "fall_15": "When you walk away, you don't hear me say 'Please, oh baby, don't go'.$1#$b# Simple and clean is the way that you're making me feel tonight. It's hard to let it go, you're giving me, $1#$b# Too many things lately you're all I need, oh You smiled at me and said Don't get me wrong, I love you $1#$b# But does that mean I have to meet your father? When we are older, you'll understand What I meant when I said $1#$b# No, I don't think life is quite that simple $1#$b#When you walk away, you don't hear me say 'Please, oh baby, don't go'. Simple and clean.$1#$b# Is the way that you're making me feel tonight It's hard to let it go. $1#$b# Hold me, whatever lies beyond this morning Is a little later on. Regardless of warnings, the future doesn't scare me at all. $1#$b# Nothing's like before. $1#$e# My mom wrote that song. $4",
      "fall_26": "When you walk away, you don't hear me say 'Please, oh baby, don't go'.$1#$b# Simple and clean is the way that you're making me feel tonight. It's hard to let it go, you're giving me, $1#$b# Too many things lately you're all I need, oh You smiled at me and said Don't get me wrong, I love you $1#$b# But does that mean I have to meet your father? When we are older, you'll understand What I meant when I said $1#$b# No, I don't think life is quite that simple $1#$b#When you walk away, you don't hear me say 'Please, oh baby, don't go'. Simple and clean.$1#$b# Is the way that you're making me feel tonight It's hard to let it go. $1#$b# Hold me, whatever lies beyond this morning Is a little later on. Regardless of warnings, the future doesn't scare me at all. $1#$b# Nothing's like before. $1#$e# My mom wrote that song. $4",
      "winter_1": "When you walk away, you don't hear me say 'Please, oh baby, don't go'.$1#$b# Simple and clean is the way that you're making me feel tonight. It's hard to let it go, you're giving me, $1#$b# Too many things lately you're all I need, oh You smiled at me and said Don't get me wrong, I love you $1#$b# But does that mean I have to meet your father? When we are older, you'll understand What I meant when I said $1#$b# No, I don't think life is quite that simple $1#$b#When you walk away, you don't hear me say 'Please, oh baby, don't go'. Simple and clean.$1#$b# Is the way that you're making me feel tonight It's hard to let it go. $1#$b# Hold me, whatever lies beyond this morning Is a little later on. Regardless of warnings, the future doesn't scare me at all. $1#$b# Nothing's like before. $1#$e# My mom wrote that song. $4",
      "winter_7": "When you walk away, you don't hear me say 'Please, oh baby, don't go'.$1#$b# Simple and clean is the way that you're making me feel tonight. It's hard to let it go, you're giving me, $1#$b# Too many things lately you're all I need, oh You smiled at me and said Don't get me wrong, I love you $1#$b# But does that mean I have to meet your father? When we are older, you'll understand What I meant when I said $1#$b# No, I don't think life is quite that simple $1#$b#When you walk away, you don't hear me say 'Please, oh baby, don't go'. Simple and clean.$1#$b# Is the way that you're making me feel tonight It's hard to let it go. $1#$b# Hold me, whatever lies beyond this morning Is a little later on. Regardless of warnings, the future doesn't scare me at all. $1#$b# Nothing's like before. $1#$e# My mom wrote that song. $4",
      "winter_28": "When you walk away, you don't hear me say 'Please, oh baby, don't go'.$1#$b# Simple and clean is the way that you're making me feel tonight. It's hard to let it go, you're giving me, $1#$b# Too many things lately you're all I need, oh You smiled at me and said Don't get me wrong, I love you $1#$b# But does that mean I have to meet your father? When we are older, you'll understand What I meant when I said $1#$b# No, I don't think life is quite that simple $1#$b#When you walk away, you don't hear me say 'Please, oh baby, don't go'. Simple and clean.$1#$b# Is the way that you're making me feel tonight It's hard to let it go. $1#$b# Hold me, whatever lies beyond this morning Is a little later on. Regardless of warnings, the future doesn't scare me at all. $1#$b# Nothing's like before. $1#$e# My mom wrote that song. $4",

  }
},
    ]
}
